Customer ID,Customer Type
797,low budget
3,low budget
3,low budget
4,low budget
5,low budget
5,did not pay 
5,low budget
7,low budget
8,low budget
10,low budget
11,low budget
12,low budget
13,low budget
13,low budget
13,low budget
14,low budget
15,low budget
66,low budget
21,low budget
22,low budget
23,low budget
23,low budget
23,low budget
23,low budget
24,low budget
25,low budget
26,did not pay 
27,low budget
27,low budget
27,low budget
27,low budget
27,medium budget
27,medium budget
27,low budget
65,low budget
65,low budget
65,low budget
30,low budget
31,low budget
32,low budget
33,low budget
35,low budget
37,low budget
39,low budget
40,low budget
41,low budget
41,low budget
42,low budget
43,low budget
44,low budget
45,low budget
45,low budget
45,low budget
45,low budget
45,low budget
45,low budget
45,low budget
45,low budget
45,low budget
45,low budget
46,low budget
48,low budget
50,low budget
52,low budget
55,low budget
55,low budget
55,low budget
55,low budget
55,medium budget
55,medium budget
55,medium budget
56,low budget
57,low budget
59,medium budget
60,low budget
61,low budget
62,low budget
63,medium budget
68,low budget
69,low budget
70,low budget
71,low budget
72,low budget
73,low budget
73,low budget
73,low budget
74,low budget
75,low budget
76,low budget
77,low budget
78,low budget
79,low budget
79,low budget
79,low budget
79,low budget
79,low budget
82,low budget
84,did not pay 
85,medium budget
85,medium budget
85,medium budget
100,luxury/high budget
100,luxury/high budget
100,luxury/high budget
101,low budget
101,low budget
102,low budget
103,low budget
104,low budget
104,low budget
104,low budget
104,low budget
104,low budget
105,low budget
106,low budget
217,low budget
112,low budget
113,low budget
114,did not pay 
115,low budget
116,low budget
117,low budget
118,low budget
120,low budget
121,low budget
122,low budget
123,low budget
124,medium budget
125,medium budget
128,low budget
129,low budget
130,low budget
131,low budget
132,low budget
133,low budget
134,low budget
135,medium budget
136,medium budget
137,low budget
137,medium budget
137,medium budget
143,luxury/high budget
143,luxury/high budget
144,low budget
145,low budget
147,low budget
148,low budget
149,low budget
150,low budget
151,medium budget
152,low budget
153,low budget
154,low budget
155,low budget
155,low budget
155,low budget
156,low budget
157,medium budget
159,low budget
160,did not pay 
161,low budget
162,low budget
163,low budget
164,low budget
166,low budget
167,medium budget
168,low budget
169,low budget
170,low budget
171,low budget
172,low budget
173,low budget
173,low budget
174,low budget
175,low budget
176,low budget
177,low budget
179,medium budget
181,low budget
182,low budget
183,low budget
184,medium budget
185,low budget
185,low budget
186,low budget
187,low budget
188,low budget
190,low budget
192,low budget
193,low budget
194,low budget
195,low budget
196,low budget
197,low budget
198,low budget
199,low budget
200,low budget
201,did not pay 
202,low budget
203,luxury/high budget
204,low budget
204,low budget
204,low budget
204,low budget
205,low budget
206,low budget
207,medium budget
208,low budget
209,low budget
210,low budget
212,medium budget
212,medium budget
212,medium budget
213,medium budget
213,medium budget
213,medium budget
213,medium budget
213,medium budget
213,medium budget
213,low budget
213,low budget
213,low budget
214,low budget
215,low budget
216,low budget
222,low budget
218,luxury/high budget
218,luxury/high budget
219,low budget
220,low budget
221,low budget
223,medium budget
224,low budget
225,low budget
226,low budget
228,low budget
234,low budget
229,low budget
229,low budget
230,low budget
231,low budget
232,low budget
233,medium budget
236,low budget
238,low budget
239,low budget
240,low budget
242,low budget
242,low budget
242,low budget
242,low budget
242,low budget
242,medium budget
242,medium budget
242,low budget
242,medium budget
243,medium budget
244,low budget
245,medium budget
246,low budget
247,low budget
247,low budget
247,low budget
247,low budget
248,low budget
249,medium budget
250,low budget
251,medium budget
252,low budget
252,low budget
253,low budget
254,low budget
255,medium budget
256,low budget
257,low budget
258,low budget
260,low budget
260,low budget
261,medium budget
262,low budget
263,low budget
264,medium budget
266,medium budget
267,medium budget
268,low budget
269,medium budget
270,low budget
272,low budget
273,low budget
274,low budget
275,medium budget
276,low budget
276,low budget
277,low budget
279,low budget
281,low budget
282,low budget
283,low budget
284,low budget
286,medium budget
287,low budget
287,low budget
288,low budget
289,medium budget
290,low budget
291,medium budget
292,luxury/high budget
293,medium budget
294,low budget
294,low budget
294,low budget
294,low budget
295,medium budget
296,low budget
296,low budget
296,low budget
297,low budget
298,low budget
298,low budget
299,medium budget
300,low budget
301,low budget
302,medium budget
303,medium budget
304,medium budget
304,medium budget
304,medium budget
304,low budget
304,low budget
304,low budget
304,low budget
304,low budget
304,medium budget
304,medium budget
304,medium budget
304,low budget
305,luxury/high budget
306,low budget
306,low budget
306,low budget
306,low budget
306,low budget
306,low budget
306,low budget
307,medium budget
307,medium budget
308,medium budget
309,low budget
310,low budget
311,low budget
312,low budget
312,low budget
312,low budget
313,low budget
314,low budget
315,medium budget
316,medium budget
317,low budget
319,medium budget
321,low budget
323,low budget
324,low budget
325,low budget
326,medium budget
328,low budget
329,low budget
330,low budget
330,low budget
331,low budget
332,medium budget
333,medium budget
333,low budget
333,low budget
333,medium budget
333,medium budget
333,low budget
334,low budget
337,low budget
338,low budget
339,low budget
340,low budget
342,low budget
343,low budget
344,low budget
345,medium budget
345,medium budget
345,low budget
346,low budget
347,medium budget
348,low budget
349,medium budget
350,medium budget
351,medium budget
353,low budget
355,medium budget
356,medium budget
357,medium budget
358,low budget
359,low budget
360,low budget
361,low budget
362,low budget
363,low budget
364,low budget
365,low budget
366,medium budget
367,low budget
367,low budget
368,low budget
369,low budget
370,low budget
371,low budget
372,low budget
372,low budget
372,low budget
373,medium budget
373,low budget
374,low budget
375,low budget
376,low budget
377,low budget
378,low budget
379,low budget
379,low budget
382,low budget
383,low budget
384,low budget
385,low budget
386,low budget
387,low budget
388,low budget
390,low budget
391,low budget
392,low budget
393,low budget
394,medium budget
396,low budget
396,low budget
396,medium budget
396,medium budget
396,medium budget
396,medium budget
396,medium budget
396,low budget
396,low budget
396,low budget
396,medium budget
396,medium budget
396,medium budget
396,medium budget
396,medium budget
396,medium budget
396,medium budget
396,medium budget
397,low budget
398,low budget
398,low budget
399,low budget
400,low budget
401,low budget
402,low budget
403,medium budget
403,low budget
403,low budget
403,low budget
403,low budget
403,low budget
403,low budget
403,medium budget
403,medium budget
403,did not pay 
403,did not pay 
403,low budget
403,did not pay 
403,did not pay 
403,low budget
404,low budget
405,low budget
406,low budget
407,low budget
408,medium budget
409,medium budget
411,medium budget
412,low budget
412,low budget
412,medium budget
412,low budget
412,low budget
412,low budget
412,low budget
412,low budget
412,medium budget
413,low budget
414,low budget
415,medium budget
416,low budget
417,low budget
417,low budget
418,medium budget
418,medium budget
419,low budget
419,medium budget
420,low budget
421,medium budget
422,low budget
426,low budget
427,low budget
428,low budget
428,low budget
428,low budget
428,low budget
428,low budget
430,medium budget
432,low budget
433,low budget
434,low budget
435,low budget
436,low budget
436,low budget
438,medium budget
440,low budget
441,low budget
442,luxury/high budget
442,low budget
443,low budget
444,low budget
445,low budget
446,low budget
447,low budget
448,low budget
449,medium budget
450,low budget
450,low budget
451,low budget
451,medium budget
451,low budget
451,low budget
451,low budget
451,low budget
452,low budget
453,low budget
453,low budget
453,low budget
453,low budget
454,medium budget
455,low budget
457,medium budget
458,medium budget
459,low budget
461,low budget
462,low budget
462,low budget
463,low budget
464,medium budget
465,low budget
466,low budget
467,low budget
467,low budget
468,low budget
469,low budget
470,low budget
471,low budget
471,low budget
472,low budget
474,low budget
475,low budget
476,low budget
476,low budget
477,medium budget
478,low budget
479,low budget
480,low budget
481,medium budget
482,low budget
483,low budget
484,low budget
485,low budget
486,medium budget
488,medium budget
489,medium budget
490,low budget
491,low budget
491,low budget
493,low budget
494,luxury/high budget
495,medium budget
496,low budget
497,low budget
498,medium budget
499,low budget
501,low budget
502,medium budget
502,medium budget
503,low budget
503,low budget
503,low budget
504,medium budget
505,low budget
506,luxury/high budget
507,low budget
508,medium budget
509,medium budget
510,low budget
511,medium budget
512,low budget
513,low budget
514,medium budget
515,medium budget
515,medium budget
515,medium budget
515,medium budget
515,medium budget
515,medium budget
515,medium budget
515,medium budget
515,low budget
515,low budget
515,medium budget
515,medium budget
515,medium budget
515,medium budget
515,medium budget
515,low budget
515,low budget
515,low budget
515,low budget
515,low budget
515,medium budget
515,medium budget
515,medium budget
515,medium budget
515,medium budget
516,low budget
517,medium budget
520,medium budget
520,medium budget
520,medium budget
520,low budget
522,low budget
522,low budget
523,medium budget
527,low budget
528,low budget
529,low budget
530,low budget
531,low budget
531,low budget
532,low budget
533,medium budget
534,medium budget
535,low budget
536,medium budget
537,medium budget
538,low budget
539,low budget
539,low budget
539,low budget
539,low budget
539,low budget
543,low budget
544,low budget
546,low budget
548,low budget
550,medium budget
550,medium budget
550,medium budget
550,low budget
551,low budget
552,low budget
552,low budget
553,low budget
554,low budget
554,low budget
556,low budget
558,medium budget
559,low budget
560,low budget
560,low budget
561,medium budget
562,low budget
562,low budget
564,low budget
565,low budget
566,low budget
568,low budget
569,medium budget
571,low budget
572,medium budget
573,low budget
574,low budget
575,low budget
576,low budget
577,medium budget
578,low budget
579,low budget
580,medium budget
581,low budget
581,low budget
581,low budget
581,low budget
581,low budget
581,low budget
581,medium budget
581,medium budget
581,medium budget
581,low budget
581,low budget
581,low budget
581,low budget
581,low budget
581,low budget
581,low budget
581,low budget
581,medium budget
581,medium budget
581,medium budget
581,low budget
581,low budget
581,low budget
581,low budget
581,low budget
583,low budget
583,low budget
583,low budget
583,low budget
583,low budget
583,low budget
583,medium budget
583,medium budget
583,low budget
583,low budget
583,low budget
583,low budget
583,low budget
584,low budget
585,low budget
585,low budget
585,low budget
586,medium budget
587,low budget
589,low budget
591,low budget
591,low budget
592,low budget
593,medium budget
593,medium budget
594,low budget
594,medium budget
595,low budget
596,medium budget
598,medium budget
599,low budget
600,low budget
601,low budget
601,low budget
601,low budget
602,low budget
603,medium budget
605,medium budget
606,low budget
606,low budget
606,low budget
606,low budget
607,low budget
607,low budget
609,low budget
610,low budget
611,medium budget
612,low budget
613,medium budget
613,medium budget
614,low budget
617,low budget
618,low budget
620,low budget
621,low budget
622,medium budget
624,medium budget
624,medium budget
625,medium budget
627,medium budget
627,medium budget
629,low budget
629,low budget
630,low budget
630,low budget
630,low budget
630,low budget
630,low budget
631,medium budget
632,medium budget
633,low budget
634,low budget
635,low budget
636,low budget
637,low budget
639,low budget
640,low budget
641,low budget
642,low budget
649,low budget
650,medium budget
651,medium budget
654,low budget
655,low budget
657,low budget
658,low budget
659,medium budget
660,low budget
661,medium budget
663,low budget
663,medium budget
665,low budget
667,low budget
669,low budget
670,medium budget
671,low budget
672,low budget
673,low budget
674,low budget
675,low budget
676,medium budget
677,low budget
678,low budget
679,low budget
680,low budget
682,medium budget
684,medium budget
684,medium budget
686,medium budget
687,low budget
689,low budget
690,low budget
691,medium budget
692,medium budget
693,low budget
694,low budget
695,low budget
695,low budget
695,low budget
695,medium budget
695,medium budget
695,did not pay 
696,low budget
697,low budget
698,medium budget
699,medium budget
699,low budget
699,low budget
699,low budget
699,luxury/high budget
700,medium budget
701,luxury/high budget
702,low budget
702,low budget
702,low budget
702,low budget
703,low budget
704,medium budget
705,low budget
707,medium budget
708,low budget
709,low budget
710,medium budget
713,low budget
715,low budget
717,low budget
719,medium budget
720,low budget
721,medium budget
724,low budget
725,low budget
726,luxury/high budget
727,low budget
729,medium budget
730,low budget
731,medium budget
733,low budget
734,low budget
734,low budget
736,low budget
737,low budget
738,low budget
739,low budget
740,low budget
742,medium budget
743,low budget
743,low budget
744,low budget
745,low budget
746,low budget
747,low budget
747,low budget
747,medium budget
747,medium budget
748,low budget
751,low budget
753,low budget
753,low budget
753,medium budget
753,medium budget
753,medium budget
754,low budget
756,medium budget
758,medium budget
759,medium budget
760,medium budget
762,medium budget
762,medium budget
762,medium budget
762,medium budget
763,low budget
764,low budget
764,medium budget
764,medium budget
764,low budget
765,low budget
765,low budget
765,low budget
765,medium budget
766,medium budget
767,medium budget
769,low budget
769,low budget
771,low budget
771,low budget
772,medium budget
773,low budget
774,low budget
776,low budget
777,low budget
778,low budget
779,low budget
780,low budget
781,low budget
782,medium budget
783,medium budget
783,medium budget
784,low budget
785,low budget
786,low budget
786,low budget
787,low budget
787,low budget
787,low budget
789,low budget
789,low budget
789,medium budget
791,low budget
792,low budget
792,low budget
792,low budget
792,low budget
792,did not pay 
793,low budget
796,low budget
800,low budget
801,low budget
802,medium budget
803,low budget
805,low budget
806,low budget
806,low budget
807,low budget
808,low budget
809,low budget
810,low budget
811,low budget
813,low budget
814,low budget
817,low budget
818,low budget
819,low budget
820,medium budget
820,medium budget
821,low budget
822,low budget
823,low budget
824,low budget
825,luxury/high budget
826,medium budget
826,medium budget
826,medium budget
827,low budget
828,low budget
828,low budget
829,low budget
830,low budget
831,low budget
832,medium budget
833,low budget
834,medium budget
835,medium budget
836,low budget
837,low budget
837,low budget
837,low budget
838,low budget
839,low budget
840,low budget
841,medium budget
842,low budget
843,medium budget
844,low budget
845,low budget
845,low budget
845,low budget
845,low budget
845,low budget
847,low budget
849,low budget
849,low budget
851,low budget
851,low budget
851,low budget
851,low budget
851,low budget
851,low budget
851,low budget
851,low budget
851,low budget
851,medium budget
851,low budget
851,medium budget
851,medium budget
851,medium budget
851,low budget
851,low budget
851,low budget
851,low budget
851,medium budget
851,low budget
851,low budget
851,low budget
851,low budget
853,low budget
853,low budget
853,low budget
854,low budget
856,low budget
857,low budget
858,low budget
859,low budget
860,medium budget
860,medium budget
861,low budget
862,low budget
864,low budget
865,low budget
866,low budget
866,low budget
866,low budget
866,low budget
868,low budget
869,low budget
873,low budget
874,low budget
876,low budget
876,low budget
876,low budget
876,low budget
876,low budget
877,low budget
877,low budget
878,low budget
880,low budget
881,low budget
881,low budget
882,low budget
883,low budget
885,low budget
885,low budget
885,low budget
885,low budget
885,low budget
885,low budget
885,low budget
886,low budget
887,low budget
888,low budget
889,low budget
890,low budget
891,low budget
892,low budget
893,low budget
895,medium budget
896,low budget
897,low budget
898,low budget
899,luxury/high budget
901,medium budget
903,medium budget
904,low budget
905,medium budget
1345,low budget
906,low budget
907,low budget
908,low budget
908,low budget
909,low budget
910,low budget
912,low budget
913,medium budget
914,medium budget
915,low budget
916,low budget
917,low budget
917,did not pay 
917,low budget
918,medium budget
922,medium budget
923,low budget
924,low budget
925,low budget
927,medium budget
929,low budget
929,low budget
930,low budget
932,low budget
933,low budget
934,low budget
936,luxury/high budget
936,luxury/high budget
937,low budget
937,low budget
938,low budget
940,low budget
942,medium budget
943,low budget
944,medium budget
947,medium budget
948,medium budget
949,low budget
950,low budget
952,medium budget
955,low budget
956,low budget
957,low budget
958,low budget
959,low budget
960,low budget
962,low budget
964,medium budget
965,low budget
966,low budget
966,low budget
966,low budget
967,low budget
968,low budget
969,low budget
970,low budget
971,low budget
972,low budget
973,medium budget
973,low budget
973,medium budget
973,medium budget
973,medium budget
973,low budget
973,medium budget
973,medium budget
973,medium budget
973,medium budget
973,low budget
974,low budget
976,low budget
976,low budget
976,low budget
976,low budget
977,low budget
978,low budget
978,low budget
978,low budget
978,low budget
978,low budget
978,low budget
979,low budget
979,medium budget
979,low budget
983,low budget
984,low budget
985,luxury/high budget
985,luxury/high budget
985,luxury/high budget
985,luxury/high budget
985,luxury/high budget
985,luxury/high budget
986,low budget
987,luxury/high budget
988,low budget
989,low budget
990,low budget
991,low budget
992,low budget
993,low budget
995,medium budget
996,low budget
997,low budget
997,low budget
998,low budget
999,low budget
1000,low budget
1006,medium budget
1009,low budget
1011,low budget
1012,low budget
1013,low budget
1016,medium budget
1017,low budget
1018,medium budget
1018,medium budget
1018,medium budget
1018,medium budget
1018,medium budget
1018,medium budget
1018,low budget
1018,medium budget
1018,medium budget
1018,medium budget
1018,medium budget
1018,medium budget
1018,medium budget
1018,medium budget
1018,medium budget
1018,medium budget
1018,medium budget
1019,low budget
1022,low budget
1023,low budget
1023,low budget
1024,low budget
1027,medium budget
1027,medium budget
1027,low budget
1027,low budget
1067,medium budget
1069,low budget
1029,low budget
1030,low budget
1030,low budget
1030,low budget
1031,low budget
1032,medium budget
1066,medium budget
1066,medium budget
1033,low budget
1034,low budget
1034,low budget
1034,low budget
1034,low budget
1034,low budget
1036,low budget
1037,medium budget
1038,low budget
1038,low budget
1038,low budget
1038,low budget
1038,low budget
1038,low budget
1039,medium budget
1042,low budget
1043,low budget
1043,low budget
1043,medium budget
1043,medium budget
1043,medium budget
1043,medium budget
1043,medium budget
1043,medium budget
1043,medium budget
1043,medium budget
1043,medium budget
1043,medium budget
1043,medium budget
1043,medium budget
1043,medium budget
1043,medium budget
1043,medium budget
1043,medium budget
1043,medium budget
1043,low budget
1043,low budget
1043,low budget
1043,low budget
1043,low budget
1043,low budget
1043,low budget
1043,low budget
1043,low budget
1043,low budget
1043,low budget
1043,low budget
1043,low budget
1043,low budget
1043,low budget
1043,low budget
1043,low budget
1043,low budget
1043,did not pay 
1043,did not pay 
1043,did not pay 
1043,did not pay 
1045,low budget
1046,low budget
1048,low budget
1049,low budget
1050,low budget
1051,low budget
1052,low budget
1053,medium budget
1054,low budget
1055,low budget
1056,low budget
1056,low budget
1056,medium budget
1057,low budget
1057,low budget
1058,medium budget
1060,low budget
1061,low budget
1063,low budget
1063,low budget
1065,low budget
1153,low budget
1344,low budget
1072,medium budget
1073,medium budget
1076,medium budget
1077,medium budget
1078,medium budget
1080,low budget
1083,low budget
1084,low budget
1085,low budget
1086,medium budget
1087,medium budget
1088,low budget
1089,low budget
1091,low budget
1092,medium budget
1093,medium budget
1094,low budget
1094,low budget
1094,low budget
1094,low budget
1094,low budget
1095,medium budget
1097,medium budget
1097,medium budget
1097,medium budget
1097,medium budget
1347,low budget
1099,low budget
1100,low budget
1101,low budget
1103,medium budget
1104,low budget
1105,low budget
1105,low budget
1105,low budget
1105,low budget
1106,low budget
1107,medium budget
1107,medium budget
1109,medium budget
1110,low budget
1112,low budget
1112,low budget
1113,medium budget
1346,low budget
1115,low budget
1117,low budget
1118,low budget
1119,low budget
1121,low budget
1122,low budget
1123,low budget
1124,low budget
1125,low budget
1126,medium budget
1131,luxury/high budget
1131,luxury/high budget
1131,luxury/high budget
1131,luxury/high budget
1131,luxury/high budget
1132,medium budget
1133,low budget
1134,low budget
1136,low budget
1137,low budget
1137,low budget
1138,medium budget
1139,low budget
1140,medium budget
1141,low budget
1142,low budget
1143,low budget
1144,low budget
1145,low budget
1146,low budget
1146,low budget
1147,low budget
1149,low budget
1151,low budget
1152,low budget
1155,low budget
1156,low budget
1156,medium budget
1157,medium budget
1158,low budget
1159,low budget
1160,medium budget
1161,low budget
1161,low budget
1162,low budget
1163,low budget
1167,low budget
1168,low budget
1170,low budget
1172,medium budget
1174,low budget
1175,low budget
1176,low budget
1177,low budget
1179,medium budget
1181,low budget
1182,medium budget
1182,medium budget
1183,low budget
1184,low budget
1186,medium budget
1187,medium budget
1188,low budget
1189,low budget
1190,luxury/high budget
1191,medium budget
1191,medium budget
1191,medium budget
1192,medium budget
1193,low budget
1195,medium budget
1195,medium budget
1196,medium budget
1197,low budget
1198,medium budget
1199,low budget
1200,low budget
1201,low budget
1202,low budget
1204,medium budget
1205,low budget
1208,luxury/high budget
1209,low budget
1210,medium budget
1210,medium budget
1210,medium budget
1210,medium budget
1210,medium budget
1210,low budget
1210,low budget
1210,low budget
1211,low budget
1212,medium budget
1213,medium budget
1214,low budget
1215,medium budget
1215,low budget
1216,low budget
1216,low budget
1217,low budget
1218,low budget
1219,low budget
1220,low budget
1221,low budget
1222,low budget
1223,medium budget
1224,medium budget
1225,low budget
1226,low budget
1228,medium budget
1230,low budget
1231,medium budget
1233,low budget
1234,low budget
1235,low budget
1236,low budget
1237,low budget
1237,low budget
1238,medium budget
1239,low budget
1240,medium budget
1241,medium budget
1243,low budget
1244,medium budget
1245,medium budget
1246,medium budget
1254,low budget
1248,low budget
1249,low budget
1250,low budget
1251,low budget
1253,low budget
1256,low budget
1257,medium budget
1259,medium budget
1260,low budget
1261,medium budget
1263,low budget
1264,low budget
1266,medium budget
1267,medium budget
1268,medium budget
1269,low budget
1270,low budget
1271,low budget
1272,medium budget
1275,medium budget
1276,low budget
1277,medium budget
1278,medium budget
1279,low budget
1280,low budget
1281,medium budget
1281,medium budget
1281,medium budget
1282,medium budget
1283,medium budget
1283,medium budget
1283,medium budget
1284,low budget
1286,low budget
1287,low budget
1288,medium budget
1289,low budget
1289,medium budget
1289,low budget
1289,low budget
1289,low budget
1289,low budget
1291,low budget
1292,low budget
1293,medium budget
1294,low budget
1295,low budget
1295,low budget
1296,low budget
1297,low budget
1298,low budget
1300,medium budget
1301,medium budget
1302,medium budget
1303,low budget
1304,medium budget
1305,low budget
1305,low budget
1305,low budget
1306,low budget
1307,low budget
1308,low budget
1309,medium budget
1309,medium budget
1311,low budget
1312,low budget
1313,medium budget
1313,luxury/high budget
1313,luxury/high budget
1313,low budget
1315,low budget
1316,low budget
1317,medium budget
1318,medium budget
1319,medium budget
1320,low budget
1322,low budget
1324,low budget
1325,low budget
1326,low budget
1328,low budget
1329,medium budget
1329,medium budget
1330,low budget
1331,low budget
1333,medium budget
1334,medium budget
1335,low budget
1336,medium budget
1337,medium budget
1338,low budget
1339,medium budget
1339,medium budget
1340,medium budget
1342,low budget
1343,medium budget
1348,medium budget
1349,medium budget
1350,low budget
1351,low budget
1352,luxury/high budget
1352,luxury/high budget
1352,luxury/high budget
1352,luxury/high budget
1352,luxury/high budget
1352,luxury/high budget
1352,luxury/high budget
1352,luxury/high budget
1352,luxury/high budget
1352,luxury/high budget
1353,low budget
1354,low budget
1354,low budget
1355,low budget
1355,low budget
1356,low budget
1357,low budget
1357,low budget
1358,low budget
1358,low budget
1359,medium budget
1360,low budget
1361,low budget
1362,low budget
1364,low budget
1365,medium budget
1365,low budget
1366,low budget
1367,low budget
1368,medium budget
1369,medium budget
1370,low budget
1371,medium budget
1371,medium budget
1371,medium budget
1371,medium budget
1371,medium budget
1371,low budget
1371,low budget
1371,low budget
1371,medium budget
1371,medium budget
1371,medium budget
1371,medium budget
1371,medium budget
1371,medium budget
1371,medium budget
1371,low budget
1371,low budget
1371,low budget
1371,low budget
1371,low budget
1371,medium budget
1371,medium budget
1371,low budget
1371,low budget
1371,low budget
1371,low budget
1371,low budget
1371,low budget
1371,low budget
1371,medium budget
1371,medium budget
1371,low budget
1371,low budget
1371,low budget
1371,low budget
1372,medium budget
1372,medium budget
1372,medium budget
1373,low budget
1374,low budget
1374,medium budget
1375,low budget
1376,medium budget
1378,low budget
1379,low budget
1381,medium budget
1382,low budget
1384,medium budget
1385,medium budget
1385,medium budget
1385,medium budget
1385,medium budget
1386,medium budget
1387,medium budget
1388,low budget
1389,low budget
1390,medium budget
1390,medium budget
1391,medium budget
1392,low budget
1393,medium budget
1394,medium budget
1395,low budget
1396,medium budget
1397,low budget
1399,low budget
1401,medium budget
1402,low budget
1403,medium budget
1404,low budget
1405,low budget
1406,low budget
1407,medium budget
1409,low budget
1410,medium budget
1411,low budget
1412,medium budget
1413,low budget
1414,low budget
1415,low budget
1417,medium budget
1418,low budget
1419,medium budget
1420,medium budget
1420,medium budget
1420,medium budget
1420,medium budget
1420,medium budget
1420,medium budget
1420,medium budget
1420,low budget
1420,low budget
1420,low budget
1420,low budget
1420,low budget
1420,luxury/high budget
1420,luxury/high budget
1420,luxury/high budget
1420,luxury/high budget
1420,luxury/high budget
1421,low budget
1422,low budget
1423,medium budget
1424,low budget
1426,medium budget
1427,medium budget
1428,low budget
1429,low budget
1431,low budget
1432,medium budget
1433,low budget
1434,low budget
1436,low budget
1437,medium budget
1438,low budget
1439,medium budget
1441,low budget
1442,low budget
1443,low budget
1445,low budget
1446,medium budget
1447,low budget
1452,low budget
1453,medium budget
1454,medium budget
1454,medium budget
1455,low budget
1456,low budget
1457,medium budget
1457,medium budget
1459,medium budget
1459,medium budget
1459,medium budget
1460,medium budget
1461,low budget
1462,medium budget
1463,low budget
1465,medium budget
1468,low budget
1470,medium budget
1471,low budget
1472,low budget
1473,medium budget
1475,medium budget
1475,medium budget
1477,low budget
1478,low budget
1479,medium budget
1480,low budget
1481,low budget
1482,medium budget
1483,low budget
1485,medium budget
1486,low budget
1488,medium budget
1488,medium budget
1489,medium budget
1489,medium budget
1489,medium budget
1491,low budget
1492,medium budget
1493,medium budget
1493,medium budget
1494,low budget
1495,low budget
1496,low budget
1497,medium budget
1498,medium budget
1499,medium budget
1500,medium budget
1501,low budget
1502,medium budget
1503,medium budget
1503,medium budget
1504,medium budget
1505,low budget
1506,medium budget
1506,medium budget
1507,medium budget
1508,medium budget
1509,low budget
1510,medium budget
1511,low budget
1511,low budget
1512,medium budget
1513,low budget
1514,low budget
1515,medium budget
1517,medium budget
1517,medium budget
1517,medium budget
1518,medium budget
1518,low budget
1518,low budget
1519,medium budget
1520,medium budget
1521,low budget
1523,medium budget
1524,medium budget
1525,medium budget
1526,low budget
1527,low budget
1528,low budget
1529,low budget
1531,low budget
1532,low budget
1533,low budget
1533,low budget
1533,low budget
1533,low budget
1533,low budget
1534,low budget
1535,low budget
1536,low budget
1536,low budget
1537,low budget
1537,low budget
1537,low budget
1538,low budget
1539,low budget
1539,low budget
1541,low budget
1542,low budget
1544,low budget
1545,low budget
1546,low budget
1546,low budget
1546,low budget
1550,low budget
1551,medium budget
1551,medium budget
1552,low budget
1553,low budget
1554,low budget
1555,low budget
1556,low budget
1557,medium budget
1558,medium budget
1559,low budget
1560,low budget
1561,low budget
1563,low budget
1563,low budget
1564,low budget
1565,low budget
1566,low budget
1567,low budget
1567,low budget
1568,low budget
1569,low budget
1571,low budget
1572,low budget
1573,low budget
1575,medium budget
1576,medium budget
1576,medium budget
1577,low budget
1578,low budget
1579,low budget
1579,low budget
1579,low budget
1580,low budget
1580,low budget
1580,low budget
1581,low budget
1582,low budget
1583,low budget
1583,low budget
1584,low budget
1585,low budget
1586,medium budget
1588,medium budget
1589,low budget
1590,low budget
1591,low budget
1593,medium budget
1594,low budget
1595,low budget
1595,medium budget
1595,medium budget
1595,low budget
1596,low budget
1597,low budget
1598,low budget
1600,low budget
1601,medium budget
1601,medium budget
1602,medium budget
1603,low budget
1604,medium budget
1605,low budget
1607,low budget
1608,medium budget
1609,low budget
1610,low budget
1612,low budget
1613,medium budget
1614,low budget
1615,low budget
1616,medium budget
1616,medium budget
1616,medium budget
1616,low budget
1616,low budget
1616,low budget
1616,low budget
1616,low budget
1616,low budget
1616,low budget
1616,low budget
1616,low budget
1616,low budget
1616,low budget
1616,low budget
1616,low budget
1616,low budget
1616,low budget
1616,low budget
1616,low budget
1616,low budget
1616,low budget
1616,low budget
1616,low budget
1616,low budget
1616,low budget
1616,low budget
1617,low budget
1617,low budget
1618,medium budget
1619,medium budget
1619,low budget
1619,low budget
1620,low budget
1620,low budget
1621,low budget
1622,medium budget
1623,low budget
1624,low budget
1626,low budget
1626,low budget
1627,medium budget
1628,low budget
1629,low budget
1630,low budget
1631,medium budget
1633,low budget
1634,low budget
1635,low budget
1635,low budget
1636,medium budget
1637,low budget
1640,low budget
1641,medium budget
1642,low budget
1643,medium budget
1643,low budget
1644,medium budget
1645,low budget
1646,medium budget
1647,medium budget
1648,low budget
1649,medium budget
1650,low budget
1655,medium budget
1656,low budget
1657,low budget
1658,low budget
1659,low budget
1660,low budget
1661,low budget
1662,low budget
1663,medium budget
1665,medium budget
1667,low budget
1668,low budget
1669,medium budget
1669,medium budget
1670,low budget
1671,low budget
1672,medium budget
1674,low budget
1675,low budget
1676,low budget
1677,low budget
1679,low budget
1679,medium budget
1680,low budget
1682,medium budget
1682,medium budget
1683,low budget
1684,medium budget
1684,low budget
1686,low budget
1688,low budget
1689,low budget
1691,low budget
1691,low budget
1692,low budget
1693,low budget
1694,medium budget
1696,low budget
1698,medium budget
1703,medium budget
1704,low budget
1706,low budget
1708,low budget
1709,low budget
1711,medium budget
1711,medium budget
1713,low budget
1714,low budget
1714,low budget
1715,low budget
1716,medium budget
1717,medium budget
1717,medium budget
1718,low budget
1719,low budget
1721,medium budget
1721,low budget
1722,low budget
1723,low budget
1724,medium budget
1725,medium budget
1726,medium budget
1727,medium budget
1728,low budget
1729,low budget
1729,low budget
1730,luxury/high budget
1730,luxury/high budget
1730,luxury/high budget
1730,luxury/high budget
1730,luxury/high budget
1730,luxury/high budget
1730,luxury/high budget
1730,luxury/high budget
1730,did not pay 
1730,did not pay 
1730,did not pay 
1731,low budget
1732,low budget
1733,medium budget
1734,low budget
1735,medium budget
1735,low budget
1735,low budget
1736,low budget
1737,low budget
1738,medium budget
1739,medium budget
1740,luxury/high budget
1740,medium budget
1741,medium budget
1741,medium budget
1741,medium budget
1741,low budget
1741,low budget
1741,low budget
1741,low budget
1741,low budget
1742,medium budget
1743,medium budget
1744,medium budget
1745,low budget
1746,medium budget
1747,medium budget
1747,medium budget
1748,low budget
1749,low budget
1750,medium budget
1751,low budget
1752,low budget
1756,low budget
1757,low budget
1758,low budget
1759,medium budget
1761,low budget
1761,low budget
1761,low budget
1761,low budget
1762,medium budget
1763,medium budget
1766,medium budget
1768,medium budget
1769,medium budget
1770,low budget
1771,medium budget
1772,low budget
1773,medium budget
1773,medium budget
1774,medium budget
1775,low budget
1776,low budget
1776,low budget
1776,low budget
1776,low budget
1776,low budget
1776,low budget
1776,low budget
1776,low budget
1776,low budget
1776,low budget
1776,low budget
1776,low budget
1777,medium budget
1779,low budget
1782,low budget
1783,low budget
1784,low budget
1785,low budget
1786,low budget
1787,medium budget
1788,low budget
1789,medium budget
1790,low budget
1790,low budget
1791,medium budget
1792,low budget
1794,low budget
1794,low budget
1794,low budget
1794,low budget
1794,low budget
1794,low budget
1794,low budget
1794,low budget
1794,low budget
1794,low budget
1794,low budget
1794,low budget
1795,low budget
1795,medium budget
1796,low budget
1797,medium budget
1798,medium budget
1799,low budget
1800,low budget
1801,low budget
1802,medium budget
1803,low budget
1804,medium budget
1804,medium budget
1805,low budget
1805,low budget
1805,low budget
1805,low budget
1805,low budget
1806,low budget
1807,low budget
1808,low budget
1810,low budget
1812,low budget
1815,low budget
1816,low budget
1817,low budget
1818,low budget
1819,low budget
1820,low budget
1822,low budget
1823,low budget
1824,low budget
1825,low budget
1826,low budget
1827,low budget
1828,low budget
1831,low budget
1837,low budget
1838,low budget
1839,medium budget
1839,medium budget
1840,low budget
1841,low budget
1842,low budget
1843,low budget
1844,low budget
1845,low budget
1845,low budget
1846,low budget
1847,low budget
1848,low budget
1849,low budget
1849,low budget
1850,low budget
1852,low budget
1855,low budget
1855,low budget
1856,low budget
1857,low budget
1858,medium budget
1860,medium budget
1861,low budget
1862,medium budget
1863,medium budget
1864,low budget
1865,medium budget
1866,medium budget
1868,low budget
1869,low budget
1871,low budget
1872,low budget
1873,low budget
1873,low budget
1873,low budget
1874,low budget
1874,low budget
1874,low budget
1875,low budget
1876,low budget
1877,low budget
1878,low budget
1879,low budget
1880,low budget
1881,low budget
1882,low budget
1883,low budget
1884,low budget
1885,low budget
1886,low budget
1888,low budget
1889,low budget
1890,low budget
1891,low budget
1892,medium budget
1893,low budget
1894,low budget
1895,low budget
1896,low budget
1897,low budget
1897,medium budget
1898,low budget
1900,low budget
1901,luxury/high budget
1901,luxury/high budget
1902,low budget
1903,low budget
1904,low budget
1906,low budget
1907,low budget
1907,low budget
1908,low budget
1909,low budget
1910,low budget
1911,low budget
1912,low budget
1912,low budget
1913,low budget
1914,low budget
1915,low budget
1916,low budget
1917,low budget
1918,luxury/high budget
1919,medium budget
1920,low budget
1921,luxury/high budget
1921,low budget
1921,low budget
1922,low budget
1923,medium budget
1923,medium budget
1925,medium budget
1926,luxury/high budget
1926,low budget
1927,low budget
1928,low budget
1929,low budget
1929,low budget
1929,low budget
1929,low budget
1930,low budget
1931,low budget
1933,low budget
1933,low budget
1934,medium budget
1935,low budget
1936,low budget
1937,low budget
1938,low budget
1939,medium budget
1940,low budget
1941,low budget
1944,low budget
1945,low budget
1946,low budget
1946,low budget
1946,low budget
1947,low budget
1949,low budget
1950,low budget
1951,medium budget
1951,medium budget
1952,low budget
1954,low budget
1955,low budget
1956,low budget
1958,low budget
1959,luxury/high budget
1960,low budget
1961,low budget
1962,low budget
1963,medium budget
1964,low budget
1965,low budget
1966,medium budget
1966,medium budget
1967,medium budget
1968,low budget
1969,low budget
1969,low budget
1969,low budget
1970,low budget
1971,low budget
1972,low budget
1973,low budget
1974,low budget
1975,low budget
1977,low budget
1978,low budget
1979,low budget
1980,low budget
1982,low budget
1982,low budget
1984,low budget
1984,low budget
1985,low budget
1985,low budget
1986,low budget
1987,low budget
1988,low budget
1989,low budget
1990,low budget
1991,low budget
1991,low budget
1991,medium budget
1991,medium budget
1991,medium budget
1992,low budget
1993,low budget
1994,low budget
1995,low budget
1996,low budget
1996,low budget
1996,low budget
1996,low budget
1996,low budget
1997,low budget
1998,low budget
1999,medium budget
2000,low budget
2002,low budget
2003,low budget
2004,low budget
2005,low budget
2007,low budget
2008,low budget
2009,low budget
2010,low budget
2011,low budget
2012,low budget
2013,low budget
2013,low budget
2014,low budget
2015,low budget
2017,low budget
2018,low budget
2018,low budget
2019,low budget
2019,low budget
2019,low budget
2020,low budget
2020,medium budget
2021,low budget
2022,luxury/high budget
2022,luxury/high budget
2022,luxury/high budget
2022,luxury/high budget
2023,low budget
2024,low budget
2025,medium budget
2027,low budget
2028,medium budget
2029,low budget
2030,low budget
2030,low budget
2031,low budget
2032,low budget
2033,low budget
2033,low budget
2034,low budget
2034,low budget
2035,low budget
2035,medium budget
2036,low budget
2037,low budget
2038,low budget
2038,low budget
2038,low budget
2038,low budget
2038,low budget
2038,low budget
2039,low budget
2040,low budget
2041,medium budget
2041,medium budget
2042,low budget
2044,medium budget
2045,low budget
2046,medium budget
2047,low budget
2047,low budget
2048,low budget
2048,low budget
2050,low budget
2051,low budget
2054,low budget
2056,low budget
2057,low budget
2058,low budget
2059,low budget
2060,low budget
2063,low budget
2064,low budget
2064,low budget
2065,low budget
2066,low budget
2066,low budget
2066,low budget
2066,low budget
2068,low budget
2069,low budget
2071,low budget
2072,low budget
2073,low budget
2073,low budget
2074,low budget
2075,low budget
2075,low budget
2076,low budget
2077,low budget
2078,low budget
2079,low budget
2080,medium budget
2082,medium budget
2083,low budget
2084,low budget
2085,low budget
2086,low budget
2087,low budget
2088,low budget
2089,medium budget
2091,low budget
2092,low budget
2093,low budget
2094,medium budget
2095,low budget
2097,low budget
2097,low budget
2098,low budget
2100,low budget
2100,low budget
2101,low budget
2102,low budget
2103,low budget
2104,low budget
2105,low budget
2106,low budget
2107,low budget
2108,low budget
2108,low budget
2108,low budget
2108,low budget
2109,medium budget
2111,luxury/high budget
2111,did not pay 
2112,low budget
2113,low budget
2114,low budget
2116,low budget
2117,low budget
2118,low budget
2119,low budget
2119,low budget
2120,low budget
2121,low budget
2121,low budget
2121,low budget
2122,low budget
2123,low budget
2123,low budget
2123,medium budget
2124,low budget
2126,low budget
2127,low budget
2127,low budget
2128,low budget
2129,low budget
2130,low budget
2132,low budget
2133,low budget
2133,low budget
2133,low budget
2133,low budget
2133,low budget
2135,low budget
2135,low budget
2135,low budget
2137,low budget
2138,low budget
2139,low budget
2139,low budget
2140,low budget
2141,medium budget
2141,low budget
2142,low budget
2143,low budget
2145,low budget
2146,low budget
2148,low budget
2149,low budget
2150,low budget
2151,medium budget
2152,low budget
2152,medium budget
2152,medium budget
2153,low budget
2156,low budget
2157,low budget
2159,low budget
2160,medium budget
2161,low budget
2162,medium budget
2163,low budget
2164,low budget
2165,low budget
2166,medium budget
2167,low budget
2168,low budget
2168,low budget
2169,medium budget
2169,medium budget
2170,low budget
2171,low budget
2171,low budget
2172,low budget
2173,low budget
2174,low budget
2175,low budget
2181,low budget
2182,low budget
2183,low budget
2184,low budget
2185,medium budget
2186,low budget
2186,low budget
2187,low budget
2188,low budget
2189,low budget
2189,low budget
2190,low budget
2191,low budget
2192,low budget
2192,low budget
2193,low budget
2194,low budget
2195,low budget
2196,medium budget
2196,medium budget
2198,low budget
2199,low budget
2200,low budget
2201,low budget
2202,low budget
2203,low budget
2205,low budget
2206,low budget
2207,low budget
2208,low budget
2208,low budget
2209,low budget
2210,low budget
2211,low budget
2212,low budget
2213,low budget
2214,low budget
2215,low budget
2215,low budget
2216,low budget
2217,medium budget
2219,low budget
2221,low budget
2221,low budget
2222,low budget
2223,low budget
2224,low budget
2226,low budget
2226,low budget
2227,low budget
2228,low budget
2229,low budget
2230,low budget
2231,low budget
2232,low budget
2233,low budget
2235,low budget
2235,low budget
2236,low budget
2237,low budget
2237,low budget
2238,low budget
2238,low budget
2238,did not pay 
2239,low budget
2240,low budget
2241,low budget
2242,low budget
2243,low budget
2243,low budget
2244,low budget
2245,low budget
2246,low budget
2246,low budget
2247,low budget
2247,low budget
2249,low budget
2250,low budget
2251,low budget
2252,low budget
2253,low budget
2253,low budget
2254,low budget
2255,low budget
2256,low budget
2256,low budget
2257,low budget
2258,low budget
2259,low budget
2260,medium budget
2261,low budget
2262,low budget
2263,low budget
2263,low budget
2264,low budget
2265,low budget
2266,low budget
2267,medium budget
2268,low budget
2269,low budget
2269,low budget
2269,low budget
2269,low budget
2269,low budget
2270,low budget
2270,low budget
2272,low budget
2272,low budget
2272,low budget
2272,low budget
2272,low budget
2272,low budget
2273,low budget
2275,low budget
2277,medium budget
2278,did not pay 
2278,low budget
2279,low budget
2280,low budget
2282,low budget
2283,low budget
2285,medium budget
2286,low budget
2287,low budget
2288,low budget
2289,low budget
2290,low budget
2291,low budget
2292,low budget
2293,low budget
2294,low budget
2294,low budget
2294,low budget
2295,low budget
2295,low budget
2296,low budget
2297,low budget
2298,low budget
2299,low budget
2300,low budget
2301,low budget
2302,low budget
2304,low budget
2305,low budget
2306,low budget
2307,medium budget
2308,low budget
2309,low budget
2310,low budget
2311,low budget
2312,low budget
2313,low budget
2314,low budget
2315,luxury/high budget
2316,low budget
2316,low budget
2317,low budget
2318,low budget
2319,medium budget
2320,low budget
2321,medium budget
2322,medium budget
2323,low budget
2323,low budget
2324,low budget
2325,low budget
2326,low budget
2328,low budget
2329,low budget
2330,low budget
2331,low budget
2332,low budget
2333,low budget
2334,low budget
2335,low budget
2336,low budget
2337,low budget
2338,low budget
2339,low budget
2339,low budget
2339,low budget
2340,low budget
2341,low budget
2341,low budget
2342,low budget
2343,low budget
2344,low budget
2345,medium budget
2345,medium budget
2346,low budget
2347,low budget
2348,low budget
2349,low budget
2350,low budget
2351,low budget
2351,low budget
2352,low budget
2353,low budget
2354,low budget
2355,low budget
2356,low budget
2357,low budget
2360,low budget
2361,low budget
2361,low budget
2363,low budget
2364,low budget
2365,low budget
2366,low budget
2367,low budget
2368,low budget
2368,low budget
2369,low budget
2370,low budget
2371,low budget
2372,low budget
2373,low budget
2374,low budget
2375,did not pay 
2376,low budget
2378,low budget
2379,low budget
2380,low budget
2381,low budget
2383,low budget
2384,low budget
2385,low budget
2385,low budget
2386,low budget
2387,low budget
2388,low budget
2389,low budget
2390,medium budget
2390,medium budget
2391,low budget
2391,medium budget
2392,low budget
2393,medium budget
2394,low budget
2394,luxury/high budget
2395,low budget
2396,low budget
2397,low budget
2398,low budget
2399,medium budget
2400,medium budget
2402,low budget
2403,low budget
2403,low budget
2404,low budget
2404,low budget
2404,low budget
2404,low budget
2404,low budget
2405,low budget
2406,low budget
2407,low budget
2408,low budget
2409,medium budget
2410,low budget
2411,low budget
2412,medium budget
2413,low budget
2414,medium budget
2414,medium budget
2415,low budget
2416,low budget
2417,low budget
2418,low budget
2419,low budget
2423,low budget
2423,low budget
2423,low budget
2424,medium budget
2425,low budget
2426,low budget
2428,medium budget
2429,low budget
2429,low budget
2429,low budget
2429,low budget
2429,low budget
2429,low budget
2429,low budget
2429,low budget
2429,low budget
2430,low budget
2431,low budget
2432,medium budget
2433,low budget
2434,low budget
2435,low budget
2436,did not pay 
2439,low budget
2440,low budget
2441,medium budget
2442,low budget
2443,low budget
2444,low budget
2445,low budget
2447,low budget
2448,low budget
2449,low budget
2449,low budget
2450,low budget
2452,low budget
2453,low budget
2454,low budget
2455,low budget
2456,low budget
2457,low budget
2458,low budget
2459,low budget
2461,low budget
2461,low budget
2462,low budget
2463,low budget
2464,low budget
2464,low budget
2466,low budget
2467,low budget
2469,low budget
2470,low budget
2471,low budget
2472,medium budget
2473,low budget
2474,low budget
2474,low budget
2474,low budget
2475,low budget
2476,low budget
2478,low budget
2479,low budget
2479,low budget
2479,low budget
2479,low budget
2485,low budget
2486,low budget
2487,low budget
2488,low budget
2489,medium budget
2490,low budget
2491,low budget
2492,low budget
2493,low budget
2494,low budget
2495,low budget
2496,low budget
2498,low budget
2499,low budget
2500,medium budget
2500,medium budget
2501,low budget
2502,low budget
2503,low budget
2504,low budget
2504,low budget
2504,low budget
2505,low budget
2509,low budget
2510,low budget
2512,low budget
2514,low budget
2515,medium budget
2516,low budget
2517,low budget
2517,low budget
2518,medium budget
2519,low budget
2520,low budget
2521,low budget
2522,low budget
2522,low budget
2522,low budget
2523,low budget
2525,low budget
2526,luxury/high budget
2527,low budget
2528,low budget
2529,low budget
2529,low budget
2530,low budget
2531,low budget
2532,low budget
2532,low budget
2534,low budget
2535,medium budget
2535,medium budget
2536,low budget
2537,low budget
2538,low budget
2539,luxury/high budget
2539,luxury/high budget
2539,luxury/high budget
2540,luxury/high budget
2540,luxury/high budget
2540,luxury/high budget
2540,luxury/high budget
2541,low budget
2545,low budget
2547,low budget
2548,low budget
2549,low budget
2549,low budget
2550,low budget
2550,low budget
2551,low budget
2552,low budget
2553,low budget
2554,low budget
2556,low budget
2557,luxury/high budget
2558,low budget
2561,low budget
2562,low budget
2563,low budget
2564,low budget
2565,low budget
2566,low budget
2566,low budget
2567,low budget
2569,low budget
2570,low budget
2571,low budget
2572,low budget
2572,low budget
2573,medium budget
2574,low budget
2575,medium budget
2576,low budget
2577,low budget
2579,low budget
2580,low budget
2581,luxury/high budget
2581,luxury/high budget
2582,low budget
2582,low budget
2584,low budget
2585,low budget
2585,low budget
2586,low budget
2586,low budget
2587,low budget
2588,low budget
2589,low budget
2590,low budget
2591,medium budget
2592,low budget
2593,low budget
2594,low budget
2595,low budget
2596,low budget
2596,low budget
2597,low budget
2597,low budget
2598,low budget
2599,low budget
2601,low budget
2602,medium budget
2602,medium budget
2603,medium budget
2605,low budget
2606,low budget
2607,low budget
2608,medium budget
2609,medium budget
2610,medium budget
2611,luxury/high budget
2611,luxury/high budget
2611,luxury/high budget
2611,low budget
2611,luxury/high budget
2612,medium budget
2613,medium budget
2614,did not pay 
2615,low budget
2616,low budget
2617,low budget
2617,low budget
2618,medium budget
2620,low budget
2621,low budget
2621,low budget
2622,medium budget
2623,low budget
2624,low budget
2626,medium budget
2626,medium budget
2627,low budget
2628,low budget
2629,low budget
2630,low budget
2631,medium budget
2632,low budget
2633,low budget
2633,low budget
2633,low budget
2634,low budget
2635,low budget
2636,low budget
2638,low budget
2638,low budget
2640,low budget
2641,medium budget
2642,medium budget
2643,low budget
2643,low budget
2644,medium budget
2644,medium budget
2644,medium budget
2645,low budget
2646,medium budget
2647,low budget
2648,low budget
2649,medium budget
2650,low budget
2651,low budget
2651,low budget
2651,low budget
2651,low budget
2651,low budget
2652,medium budget
2653,low budget
2654,medium budget
2656,low budget
2657,low budget
2658,medium budget
2659,low budget
2659,low budget
2661,low budget
2662,low budget
2664,low budget
2665,medium budget
2666,low budget
2666,low budget
2666,low budget
2667,medium budget
2669,medium budget
2670,low budget
2671,medium budget
2672,medium budget
2673,low budget
2674,low budget
2675,low budget
2676,low budget
2676,low budget
2676,low budget
2676,low budget
2677,low budget
2678,medium budget
2679,low budget
2680,low budget
2681,low budget
2682,low budget
2683,low budget
2684,low budget
2685,low budget
2685,low budget
2686,low budget
2687,low budget
2688,low budget
2689,low budget
2690,low budget
2691,low budget
2692,low budget
2693,low budget
2694,low budget
2694,low budget
2698,low budget
2699,low budget
2699,low budget
2700,low budget
2701,low budget
2702,low budget
2703,medium budget
2704,medium budget
2705,medium budget
2706,low budget
2707,low budget
2708,low budget
2708,low budget
2709,medium budget
2710,luxury/high budget
2710,luxury/high budget
2710,luxury/high budget
2710,luxury/high budget
2710,luxury/high budget
2710,luxury/high budget
2711,medium budget
2712,medium budget
2713,medium budget
2713,medium budget
2714,low budget
2716,low budget
2717,low budget
2718,low budget
2719,low budget
2719,medium budget
2720,low budget
2720,low budget
2721,low budget
2722,low budget
2722,low budget
2722,low budget
2722,low budget
2722,low budget
2722,low budget
2722,low budget
2722,low budget
2723,low budget
2724,low budget
2725,medium budget
2725,low budget
2728,medium budget
2730,low budget
2731,low budget
2732,medium budget
2733,medium budget
2734,medium budget
2735,medium budget
2736,low budget
2737,low budget
2738,medium budget
2739,low budget
2740,low budget
2740,low budget
2740,low budget
2740,low budget
2741,low budget
2742,luxury/high budget
2742,low budget
2743,low budget
2744,low budget
2745,medium budget
2746,low budget
2747,medium budget
2747,low budget
2747,low budget
2748,low budget
2749,did not pay 
2750,low budget
2751,low budget
2752,low budget
2753,low budget
2755,low budget
2757,low budget
2759,low budget
2760,low budget
2761,low budget
2762,low budget
2766,low budget
2767,low budget
2767,low budget
2767,low budget
2767,low budget
2768,low budget
2770,luxury/high budget
2770,low budget
2771,low budget
2772,low budget
2773,low budget
2774,medium budget
2775,low budget
2776,low budget
2777,low budget
2778,low budget
2779,low budget
2779,low budget
2780,low budget
2781,low budget
2782,low budget
2783,low budget
2783,low budget
2784,low budget
2785,low budget
2786,low budget
2787,low budget
2788,low budget
2789,low budget
2791,low budget
2792,low budget
2794,medium budget
2796,low budget
2796,low budget
2798,low budget
2799,low budget
2800,low budget
2801,low budget
2802,low budget
2803,medium budget
2805,medium budget
2806,low budget
2807,low budget
2807,low budget
2809,low budget
2810,low budget
2810,low budget
2811,medium budget
2812,medium budget
2813,low budget
2814,low budget
2815,low budget
2818,low budget
2819,low budget
2820,low budget
2820,low budget
2820,low budget
2820,low budget
2820,low budget
2820,low budget
2821,low budget
2822,low budget
2823,medium budget
2824,medium budget
2826,low budget
2827,medium budget
2829,low budget
2830,medium budget
2831,low budget
2831,low budget
2831,low budget
2832,low budget
2833,low budget
2834,low budget
2835,medium budget
2836,low budget
2837,low budget
2838,low budget
2839,low budget
2839,low budget
2839,low budget
2839,low budget
2840,low budget
2841,low budget
2841,low budget
2841,low budget
2841,low budget
2842,low budget
2843,low budget
2844,medium budget
2845,low budget
2846,low budget
2847,low budget
2848,low budget
2849,low budget
2850,low budget
2853,low budget
2855,low budget
2856,low budget
2857,medium budget
2858,medium budget
2861,low budget
2862,medium budget
2863,low budget
2864,low budget
2865,low budget
2866,low budget
2867,low budget
2868,low budget
2868,low budget
2869,medium budget
2870,low budget
2871,low budget
2872,low budget
2873,low budget
2874,low budget
2876,low budget
2877,medium budget
2877,medium budget
2879,low budget
2880,low budget
2881,medium budget
2882,medium budget
2883,low budget
2885,low budget
2886,low budget
2887,medium budget
2888,low budget
2889,low budget
2890,medium budget
2891,low budget
2893,low budget
2894,low budget
2895,low budget
2896,low budget
2896,low budget
2897,low budget
2898,low budget
2899,low budget
2902,low budget
2903,low budget
2904,medium budget
2906,low budget
2906,low budget
2907,low budget
2908,medium budget
2909,low budget
2910,medium budget
2911,low budget
2914,low budget
2915,medium budget
2917,low budget
2918,low budget
2919,low budget
2920,medium budget
2920,medium budget
2920,medium budget
2920,medium budget
2921,low budget
2922,low budget
2924,low budget
2925,low budget
2927,low budget
2928,low budget
2928,low budget
2929,low budget
2930,low budget
2931,medium budget
2932,medium budget
2934,low budget
2935,low budget
2935,low budget
2936,medium budget
2937,medium budget
2938,low budget
2939,low budget
2940,medium budget
2941,medium budget
2942,medium budget
2943,low budget
2944,medium budget
2948,low budget
2949,medium budget
2950,medium budget
2952,low budget
2953,medium budget
2953,medium budget
2954,medium budget
2955,low budget
2955,medium budget
2955,medium budget
2955,medium budget
2956,low budget
2957,medium budget
2957,medium budget
2958,medium budget
2959,medium budget
2960,low budget
2961,low budget
2961,low budget
2961,low budget
2963,low budget
2964,medium budget
2965,low budget
2968,low budget
2967,low budget
2969,low budget
2969,medium budget
2970,low budget
2972,low budget
2975,low budget
2976,medium budget
2977,medium budget
2978,medium budget
2979,low budget
2980,medium budget
2981,low budget
2982,low budget
2983,medium budget
2984,medium budget
2985,low budget
2986,medium budget
2987,low budget
2989,low budget
2990,medium budget
2991,luxury/high budget
2991,luxury/high budget
2992,medium budget
2994,low budget
2994,low budget
2995,low budget
2996,medium budget
2996,low budget
2997,medium budget
2998,medium budget
2999,low budget
2999,low budget
2999,low budget
3000,low budget
3002,low budget
3003,low budget
3004,low budget
3005,low budget
3006,luxury/high budget
3006,medium budget
3007,low budget
3008,medium budget
3009,medium budget
3010,low budget
3011,medium budget
3012,low budget
3013,low budget
3014,low budget
3015,medium budget
3016,medium budget
3017,low budget
3018,low budget
3019,medium budget
3020,medium budget
3021,low budget
3021,low budget
3022,medium budget
3023,low budget
3024,low budget
3026,low budget
3028,low budget
3031,low budget
3032,low budget
3033,low budget
3035,low budget
3036,low budget
3038,medium budget
3040,medium budget
3041,low budget
3042,low budget
3043,medium budget
3044,low budget
3045,low budget
3046,low budget
3047,low budget
3047,low budget
3048,low budget
3048,low budget
3048,low budget
3048,low budget
3049,low budget
3050,medium budget
3051,medium budget
3052,medium budget
3053,low budget
3054,low budget
3056,low budget
3057,low budget
3058,low budget
3058,low budget
3063,low budget
3064,low budget
3065,low budget
3065,low budget
3066,low budget
3066,low budget
3067,low budget
3068,medium budget
3069,low budget
3070,low budget
3071,medium budget
3071,medium budget
3074,low budget
3075,medium budget
3075,medium budget
3076,low budget
3077,low budget
3078,low budget
3079,low budget
3080,low budget
3080,low budget
3081,medium budget
3084,low budget
3085,low budget
3086,low budget
3087,low budget
3088,low budget
3090,low budget
3091,low budget
3092,low budget
3093,medium budget
3094,medium budget
3095,low budget
3096,low budget
3096,low budget
3097,low budget
3099,low budget
3100,low budget
3101,luxury/high budget
3101,luxury/high budget
3102,low budget
3103,low budget
3104,medium budget
3106,medium budget
3107,medium budget
3107,medium budget
3108,low budget
3109,medium budget
3110,low budget
3114,low budget
3114,low budget
3115,medium budget
3116,medium budget
3117,low budget
3118,low budget
3119,medium budget
3119,medium budget
3120,low budget
3121,low budget
3121,low budget
3122,low budget
3123,medium budget
3124,low budget
3125,low budget
3126,low budget
3127,low budget
3128,low budget
3129,low budget
3130,low budget
3130,low budget
3131,low budget
3132,medium budget
3133,medium budget
3137,low budget
3140,low budget
3141,low budget
3141,medium budget
3142,low budget
3143,medium budget
3144,low budget
3145,medium budget
3146,low budget
3147,low budget
3148,medium budget
3148,medium budget
3149,low budget
3151,medium budget
3152,medium budget
3154,low budget
3155,medium budget
3156,medium budget
3157,medium budget
3158,low budget
3159,medium budget
3160,medium budget
3161,low budget
3162,low budget
3163,low budget
3164,medium budget
3165,medium budget
3166,low budget
3167,low budget
3168,low budget
3168,low budget
3168,low budget
3169,low budget
3170,medium budget
3171,low budget
3172,low budget
3174,luxury/high budget
3174,luxury/high budget
3175,low budget
3176,low budget
3177,low budget
3177,low budget
3178,medium budget
3179,medium budget
3182,low budget
3184,low budget
3185,low budget
3186,low budget
3187,low budget
3188,low budget
3189,low budget
3190,low budget
3193,medium budget
3194,low budget
3194,medium budget
3200,low budget
3202,low budget
3203,low budget
3204,low budget
3205,low budget
3205,low budget
3206,medium budget
3207,low budget
3209,medium budget
3210,medium budget
3212,low budget
3213,medium budget
3214,low budget
3215,medium budget
3216,low budget
3218,low budget
3218,low budget
3219,low budget
3221,low budget
3222,low budget
3223,low budget
3224,low budget
3225,low budget
3226,low budget
3227,low budget
3229,low budget
3230,low budget
3231,medium budget
3232,medium budget
3232,medium budget
3232,medium budget
3232,medium budget
3232,medium budget
3232,medium budget
3232,medium budget
3232,medium budget
3233,low budget
3234,luxury/high budget
3235,low budget
3236,low budget
3237,low budget
3238,medium budget
3239,medium budget
3240,medium budget
3241,low budget
3242,low budget
3243,low budget
3245,low budget
3247,low budget
3248,medium budget
3251,low budget
3252,low budget
3253,low budget
3254,low budget
3255,medium budget
3256,low budget
3257,low budget
3258,low budget
3259,low budget
3260,medium budget
3261,low budget
3262,low budget
3263,low budget
3265,low budget
3267,low budget
3268,low budget
3269,medium budget
3270,low budget
3270,low budget
3271,low budget
3272,low budget
3273,low budget
3274,low budget
3275,low budget
3276,low budget
3277,low budget
3278,low budget
3280,medium budget
3280,medium budget
3280,low budget
3283,low budget
3284,low budget
3285,medium budget
3286,low budget
3286,low budget
3287,low budget
3288,low budget
3289,medium budget
3290,low budget
3291,low budget
3293,low budget
3294,medium budget
3295,low budget
3296,low budget
3297,medium budget
3298,low budget
3299,medium budget
3301,low budget
3303,low budget
3304,medium budget
3305,low budget
3306,low budget
3307,low budget
3309,low budget
3311,low budget
3312,low budget
3314,low budget
3316,low budget
3316,low budget
3316,low budget
3320,low budget
3321,medium budget
3322,low budget
3323,low budget
3324,medium budget
3325,low budget
3326,low budget
3327,medium budget
3328,medium budget
3329,low budget
3329,low budget
3330,low budget
3332,low budget
3333,medium budget
3334,low budget
3335,medium budget
3336,low budget
3336,low budget
3337,low budget
3337,low budget
3337,low budget
3337,low budget
3337,low budget
3338,medium budget
3339,medium budget
3340,medium budget
3341,medium budget
3342,medium budget
3343,medium budget
3344,did not pay 
3344,did not pay 
3347,medium budget
3348,medium budget
3349,low budget
3350,medium budget
3351,medium budget
3352,low budget
3353,low budget
3354,medium budget
3355,low budget
3356,medium budget
3356,medium budget
3357,low budget
3357,low budget
3358,low budget
3359,low budget
3361,low budget
3363,medium budget
3364,low budget
3365,low budget
3365,low budget
3366,low budget
3367,medium budget
3369,low budget
3370,low budget
3371,medium budget
3373,low budget
3374,low budget
3375,low budget
3376,medium budget
3378,medium budget
3379,low budget
3380,medium budget
3381,low budget
3381,low budget
3382,medium budget
3383,medium budget
3385,low budget
3386,low budget
3386,low budget
3386,low budget
3386,low budget
3386,low budget
3387,low budget
3388,medium budget
3389,low budget
3390,low budget
3391,low budget
3392,low budget
3392,low budget
3393,low budget
3394,low budget
3395,low budget
3396,low budget
3397,low budget
3398,low budget
3399,low budget
3399,low budget
3399,low budget
3399,low budget
3399,low budget
3399,low budget
3399,low budget
3399,low budget
3399,low budget
3399,low budget
3401,low budget
3402,medium budget
3403,low budget
3403,low budget
3404,medium budget
3405,medium budget
3406,low budget
3406,low budget
3407,low budget
3408,low budget
3410,low budget
3411,low budget
3412,medium budget
3413,medium budget
3414,medium budget
3415,medium budget
3417,medium budget
3418,low budget
3418,low budget
3418,low budget
3419,medium budget
3419,medium budget
3420,low budget
3421,low budget
3421,low budget
3422,low budget
3424,low budget
3424,low budget
3425,low budget
3426,low budget
3427,medium budget
3428,low budget
3429,low budget
3430,low budget
3431,low budget
3432,low budget
3433,low budget
3434,medium budget
3435,low budget
3436,low budget
3437,medium budget
3439,medium budget
3440,low budget
3441,low budget
3441,low budget
3442,medium budget
3443,low budget
3443,low budget
3444,medium budget
3445,medium budget
3446,low budget
3447,medium budget
3448,low budget
3449,low budget
3451,low budget
3452,low budget
3453,medium budget
3454,low budget
3455,low budget
3455,low budget
3456,low budget
3457,low budget
3458,low budget
3459,low budget
3459,low budget
3460,low budget
3461,low budget
3462,low budget
3464,low budget
3465,low budget
3466,low budget
3467,low budget
3468,low budget
3469,medium budget
3471,low budget
3472,low budget
3473,medium budget
3474,low budget
3476,low budget
3477,medium budget
3478,low budget
3478,low budget
3479,medium budget
3480,low budget
3480,low budget
3480,low budget
3480,low budget
3480,low budget
3480,low budget
3481,low budget
3482,medium budget
3483,low budget
3484,low budget
3485,low budget
3486,low budget
3487,low budget
3487,low budget
3488,low budget
3488,low budget
3489,low budget
3491,low budget
3492,low budget
3494,low budget
3495,medium budget
3496,medium budget
3497,low budget
3498,medium budget
3499,low budget
3500,low budget
3501,low budget
3502,low budget
3503,low budget
3504,did not pay 
3505,low budget
3506,low budget
3508,low budget
3510,low budget
3511,medium budget
3512,low budget
3513,low budget
3514,medium budget
3516,medium budget
3517,low budget
3517,low budget
3518,low budget
3519,low budget
3520,medium budget
3521,low budget
3522,low budget
3523,low budget
3524,low budget
3525,did not pay 
3526,low budget
3527,medium budget
3528,low budget
3529,low budget
3530,medium budget
3531,low budget
3532,low budget
3534,low budget
3535,low budget
3536,medium budget
3537,medium budget
3539,low budget
3540,low budget
3541,low budget
3542,low budget
3545,low budget
3546,low budget
3547,low budget
3548,low budget
3550,medium budget
3551,low budget
3553,low budget
3554,medium budget
3555,low budget
3556,low budget
3557,low budget
3558,medium budget
3559,medium budget
3560,low budget
3561,medium budget
3562,low budget
3563,medium budget
3564,low budget
3564,low budget
3564,low budget
3564,low budget
3564,low budget
3565,medium budget
3566,low budget
3566,low budget
3567,low budget
3568,low budget
3569,medium budget
3571,medium budget
3573,low budget
3575,medium budget
3576,low budget
3577,low budget
3578,low budget
3580,low budget
3580,low budget
3581,low budget
3582,low budget
3583,low budget
3584,low budget
3586,low budget
3586,low budget
3587,low budget
3589,low budget
3590,low budget
3591,medium budget
3593,low budget
3594,medium budget
3595,low budget
3596,medium budget
3597,low budget
3598,low budget
3599,low budget
3599,low budget
3600,medium budget
3601,medium budget
3602,low budget
3603,low budget
3604,low budget
3605,low budget
3607,low budget
3608,low budget
3610,low budget
3611,low budget
3612,low budget
3613,low budget
3614,low budget
3615,low budget
3616,medium budget
3617,low budget
3618,low budget
3618,low budget
3618,low budget
3618,low budget
3619,low budget
3620,low budget
3621,medium budget
3622,low budget
3623,medium budget
3625,low budget
3626,low budget
3627,low budget
3627,low budget
3627,low budget
3628,low budget
3629,medium budget
3630,medium budget
3631,medium budget
3633,low budget
3634,low budget
3636,medium budget
3638,medium budget
3639,low budget
3640,low budget
3641,low budget
3643,low budget
3644,low budget
3645,low budget
3646,low budget
3647,low budget
3648,low budget
3649,low budget
3649,low budget
3649,low budget
3650,low budget
3651,low budget
3652,medium budget
3652,medium budget
3652,medium budget
3653,low budget
3654,low budget
3655,low budget
3656,low budget
3657,low budget
3657,low budget
3658,low budget
3659,low budget
3659,low budget
3660,medium budget
3661,low budget
3662,luxury/high budget
3663,low budget
3664,medium budget
3666,medium budget
3667,medium budget
3668,medium budget
3668,medium budget
3668,medium budget
3669,low budget
3671,low budget
3672,low budget
3673,medium budget
3674,medium budget
3675,low budget
3677,low budget
3677,low budget
3678,low budget
3679,medium budget
3680,low budget
3681,low budget
3683,medium budget
3684,low budget
3686,medium budget
3687,low budget
3688,did not pay 
3689,did not pay 
3690,did not pay 
3691,low budget
3692,low budget
3695,did not pay 
3696,medium budget
3698,did not pay 
3699,did not pay 
3700,did not pay 
3700,did not pay 
3701,did not pay 
3702,did not pay 
3702,did not pay 
3702,did not pay 
3702,did not pay 
3703,did not pay 
3704,did not pay 
3705,did not pay 
3706,did not pay 
3706,did not pay 
3708,did not pay 
3709,did not pay 
3709,did not pay 
3710,did not pay 
3711,did not pay 
3713,did not pay 
3714,did not pay 
3715,did not pay 
3716,did not pay 
3717,did not pay 
3719,did not pay 
3720,low budget
3721,did not pay 
3722,did not pay 
3723,low budget
3724,did not pay 
3725,low budget
3726,did not pay 
3728,did not pay 
3728,did not pay 
3728,did not pay 
3729,did not pay 
3730,medium budget
3732,did not pay 
3733,luxury/high budget
3735,medium budget
3736,did not pay 
